--
-- PostgreSQL database dump
--

-- Dumped from database version 14.5
-- Dumped by pg_dump version 14.5

-- Started on 2022-12-10 19:04:46

SET statement_timeout = 0;
SET lock_timeout = 0;
SET idle_in_transaction_session_timeout = 0;
SET client_encoding = 'UTF8';
SET standard_conforming_strings = on;
SELECT pg_catalog.set_config('search_path', '', false);
SET check_function_bodies = false;
SET xmloption = content;
SET client_min_messages = warning;
SET row_security = off;

SET default_tablespace = '';

SET default_table_access_method = heap;

--
-- TOC entry 210 (class 1259 OID 16707)
-- Name: category; Type: TABLE; Schema: public; Owner: postgres
--

CREATE TABLE public.category (
    id integer NOT NULL,
    name character varying(255)
);


ALTER TABLE public.category OWNER TO postgres;

--
-- TOC entry 209 (class 1259 OID 16706)
-- Name: category_id_seq; Type: SEQUENCE; Schema: public; Owner: postgres
--

ALTER TABLE public.category ALTER COLUMN id ADD GENERATED BY DEFAULT AS IDENTITY (
    SEQUENCE NAME public.category_id_seq
    START WITH 1
    INCREMENT BY 1
    NO MINVALUE
    NO MAXVALUE
    CACHE 1
);


--
-- TOC entry 212 (class 1259 OID 16713)
-- Name: image; Type: TABLE; Schema: public; Owner: postgres
--

CREATE TABLE public.image (
    id integer NOT NULL,
    file_name character varying(255),
    product_id integer NOT NULL
);


ALTER TABLE public.image OWNER TO postgres;

--
-- TOC entry 211 (class 1259 OID 16712)
-- Name: image_id_seq; Type: SEQUENCE; Schema: public; Owner: postgres
--

ALTER TABLE public.image ALTER COLUMN id ADD GENERATED BY DEFAULT AS IDENTITY (
    SEQUENCE NAME public.image_id_seq
    START WITH 1
    INCREMENT BY 1
    NO MINVALUE
    NO MAXVALUE
    CACHE 1
);


--
-- TOC entry 214 (class 1259 OID 16719)
-- Name: orders; Type: TABLE; Schema: public; Owner: postgres
--

CREATE TABLE public.orders (
    id integer NOT NULL,
    count integer NOT NULL,
    date_time timestamp without time zone,
    number character varying(255),
    price real NOT NULL,
    status integer,
    person_id integer NOT NULL,
    product_id integer NOT NULL
);


ALTER TABLE public.orders OWNER TO postgres;

--
-- TOC entry 213 (class 1259 OID 16718)
-- Name: orders_id_seq; Type: SEQUENCE; Schema: public; Owner: postgres
--

ALTER TABLE public.orders ALTER COLUMN id ADD GENERATED BY DEFAULT AS IDENTITY (
    SEQUENCE NAME public.orders_id_seq
    START WITH 1
    INCREMENT BY 1
    NO MINVALUE
    NO MAXVALUE
    CACHE 1
);


--
-- TOC entry 216 (class 1259 OID 16725)
-- Name: person; Type: TABLE; Schema: public; Owner: postgres
--

CREATE TABLE public.person (
    id integer NOT NULL,
    login character varying(50),
    password character varying(255),
    role character varying(255)
);


ALTER TABLE public.person OWNER TO postgres;

--
-- TOC entry 215 (class 1259 OID 16724)
-- Name: person_id_seq; Type: SEQUENCE; Schema: public; Owner: postgres
--

ALTER TABLE public.person ALTER COLUMN id ADD GENERATED BY DEFAULT AS IDENTITY (
    SEQUENCE NAME public.person_id_seq
    START WITH 1
    INCREMENT BY 1
    NO MINVALUE
    NO MAXVALUE
    CACHE 1
);


--
-- TOC entry 218 (class 1259 OID 16733)
-- Name: product; Type: TABLE; Schema: public; Owner: postgres
--

CREATE TABLE public.product (
    id integer NOT NULL,
    date_time_of_created timestamp without time zone,
    description text NOT NULL,
    price real NOT NULL,
    seller character varying(255) NOT NULL,
    title text NOT NULL,
    warehouse character varying(255) NOT NULL,
    category_id integer NOT NULL,
    CONSTRAINT product_price_check CHECK ((price >= (1)::double precision))
);


ALTER TABLE public.product OWNER TO postgres;

--
-- TOC entry 220 (class 1259 OID 16742)
-- Name: product_cart; Type: TABLE; Schema: public; Owner: postgres
--

CREATE TABLE public.product_cart (
    id integer NOT NULL,
    person_id integer,
    product_id integer
);


ALTER TABLE public.product_cart OWNER TO postgres;

--
-- TOC entry 219 (class 1259 OID 16741)
-- Name: product_cart_id_seq; Type: SEQUENCE; Schema: public; Owner: postgres
--

ALTER TABLE public.product_cart ALTER COLUMN id ADD GENERATED BY DEFAULT AS IDENTITY (
    SEQUENCE NAME public.product_cart_id_seq
    START WITH 1
    INCREMENT BY 1
    NO MINVALUE
    NO MAXVALUE
    CACHE 1
);


--
-- TOC entry 217 (class 1259 OID 16732)
-- Name: product_id_seq; Type: SEQUENCE; Schema: public; Owner: postgres
--

ALTER TABLE public.product ALTER COLUMN id ADD GENERATED BY DEFAULT AS IDENTITY (
    SEQUENCE NAME public.product_id_seq
    START WITH 1
    INCREMENT BY 1
    NO MINVALUE
    NO MAXVALUE
    CACHE 1
);


--
-- TOC entry 3350 (class 0 OID 16707)
-- Dependencies: 210
-- Data for Name: category; Type: TABLE DATA; Schema: public; Owner: postgres
--

INSERT INTO public.category (id, name) VALUES (1, 'Детская мебель');
INSERT INTO public.category (id, name) VALUES (4, 'Другое');
INSERT INTO public.category (id, name) VALUES (2, 'Детская одежда');
INSERT INTO public.category (id, name) VALUES (3, 'Игрушки');


--
-- TOC entry 3352 (class 0 OID 16713)
-- Dependencies: 212
-- Data for Name: image; Type: TABLE DATA; Schema: public; Owner: postgres
--

INSERT INTO public.image (id, file_name, product_id) VALUES (116, '95a16c45-fe76-4824-b220-acc7f837b170.1.jpg', 24);
INSERT INTO public.image (id, file_name, product_id) VALUES (117, '1021ea5b-aa58-447b-8b46-483f6e0b271f.2.jpg', 24);
INSERT INTO public.image (id, file_name, product_id) VALUES (118, 'bf9fc89d-ce3e-4b9a-bd69-55e85a220278.3.jpg', 24);
INSERT INTO public.image (id, file_name, product_id) VALUES (119, 'c9a62d6a-ecc7-4378-9a7f-2cf3e045e1cb.4.jpg', 24);
INSERT INTO public.image (id, file_name, product_id) VALUES (120, 'c67a4f9d-0f21-4e7f-be38-1ba7f2b51543.5.jpg', 24);
INSERT INTO public.image (id, file_name, product_id) VALUES (126, 'fda4e3b2-0c6d-41b1-bbd7-a545c0331732.1.jpg', 26);
INSERT INTO public.image (id, file_name, product_id) VALUES (127, '33f61f41-1a3e-4239-b5ab-f61fed33767a.2.jpg', 26);
INSERT INTO public.image (id, file_name, product_id) VALUES (128, 'd4d17204-5526-4cb7-bd8b-d14bff0d8334.3.jpg', 26);
INSERT INTO public.image (id, file_name, product_id) VALUES (129, 'b6f2da75-1bde-4a8d-a557-88a4036e92c7.4.jpg', 26);
INSERT INTO public.image (id, file_name, product_id) VALUES (130, '0ca2c8e9-1b09-4a8d-a518-02ee2477ee60.5.jpg', 26);
INSERT INTO public.image (id, file_name, product_id) VALUES (131, '5eb4c8ee-9f8c-419f-9182-dfe0ba76ece8.1.jpg', 27);
INSERT INTO public.image (id, file_name, product_id) VALUES (132, 'd1029105-b395-47ad-aac0-eeb20138fe8c.2.jpg', 27);
INSERT INTO public.image (id, file_name, product_id) VALUES (133, 'a0ba7948-e6be-44b8-9d74-e057b0dfcee4.3.jpg', 27);
INSERT INTO public.image (id, file_name, product_id) VALUES (134, '6f576582-fc23-4529-9888-a780cb0cb08d.4.jpg', 27);
INSERT INTO public.image (id, file_name, product_id) VALUES (135, '33dc2125-b21d-4242-b8d9-6a28528c1736.5.jpg', 27);
INSERT INTO public.image (id, file_name, product_id) VALUES (136, '83194759-3c4d-4ae5-914d-f58f942f92d7.1.jpg', 28);
INSERT INTO public.image (id, file_name, product_id) VALUES (137, '7b3986ec-31e3-4b9d-9415-97928d4216ac.2.jpg', 28);
INSERT INTO public.image (id, file_name, product_id) VALUES (138, '7b21a2e5-c803-41c9-88c8-ed265f5900de.3.jpg', 28);
INSERT INTO public.image (id, file_name, product_id) VALUES (139, 'db713ede-753f-4b7c-abea-f0c4cfc61508.4.jpg', 28);
INSERT INTO public.image (id, file_name, product_id) VALUES (140, '552ea6cc-350d-4e66-8daa-97943a28b034.5.jpg', 28);
INSERT INTO public.image (id, file_name, product_id) VALUES (141, '4b810310-70a9-4417-b986-a585f1edb4d8.1.jpg', 29);
INSERT INTO public.image (id, file_name, product_id) VALUES (142, '18aa545d-3a49-47a1-b349-4e6ee5f7f0d7.2.jpg', 29);
INSERT INTO public.image (id, file_name, product_id) VALUES (143, '1425261e-f06f-4464-98fd-77842cf9cba6.3.jpg', 29);
INSERT INTO public.image (id, file_name, product_id) VALUES (144, '1f24bb04-47bc-4fce-9e22-364473ad93e8.4.jpg', 29);
INSERT INTO public.image (id, file_name, product_id) VALUES (145, 'e1cf9915-e027-4f8d-8108-479670f7f9db.', 29);
INSERT INTO public.image (id, file_name, product_id) VALUES (151, '6f1e166f-97c1-4be1-bd2f-1c935c24f4f0.1.jpg', 31);
INSERT INTO public.image (id, file_name, product_id) VALUES (152, '176c3527-1a1f-436b-baff-6dff62ca47e8.2.jpg', 31);
INSERT INTO public.image (id, file_name, product_id) VALUES (153, '4764ac76-5259-4415-a5a2-c82db0e5f2c9.3.jpg', 31);
INSERT INTO public.image (id, file_name, product_id) VALUES (154, 'f228aa45-09ac-4317-a90e-8c2dda2be126.4.jpg', 31);
INSERT INTO public.image (id, file_name, product_id) VALUES (155, '07ee5d86-5f8d-4276-b84c-f4cf51768e4b.5.jpg', 31);
INSERT INTO public.image (id, file_name, product_id) VALUES (156, 'd0a0d1b7-4b81-4390-a25e-a7340a5b4178.1.jpg', 32);
INSERT INTO public.image (id, file_name, product_id) VALUES (157, '48fd0efb-263a-480b-b454-21da9196d488.2.jpg', 32);
INSERT INTO public.image (id, file_name, product_id) VALUES (158, '7fca93a8-dd23-413c-8e20-19792a41c51e.3.jpg', 32);
INSERT INTO public.image (id, file_name, product_id) VALUES (159, 'adfa39f9-2ff4-4314-b288-a92c81e95b59.4.jpg', 32);
INSERT INTO public.image (id, file_name, product_id) VALUES (160, '4001a76f-c31a-4e0f-af5e-838096d8fe11.5.jpg', 32);
INSERT INTO public.image (id, file_name, product_id) VALUES (161, '923b0d73-2cf3-4842-afdf-b46fc587587e.1.jpg', 33);
INSERT INTO public.image (id, file_name, product_id) VALUES (162, '7bc54028-cc17-4a69-abe2-da79e0a64ab0.2.jpg', 33);
INSERT INTO public.image (id, file_name, product_id) VALUES (163, 'b0bbfdf7-e86a-4ce4-abd8-b8f8a6bcba86.3.jpg', 33);
INSERT INTO public.image (id, file_name, product_id) VALUES (164, 'b4a130f8-8500-44be-bc58-f3bf94775e45.', 33);
INSERT INTO public.image (id, file_name, product_id) VALUES (165, '3bd2531e-973b-45d0-a5ec-1ad1c4c1095e.4.jpg', 33);
INSERT INTO public.image (id, file_name, product_id) VALUES (166, '8cdce6cb-77d0-4624-91bd-24aed80567cd.1.jpg', 34);
INSERT INTO public.image (id, file_name, product_id) VALUES (167, '9ce1e2c5-391b-4097-8b06-d7e68887b9c3.2.jpg', 34);
INSERT INTO public.image (id, file_name, product_id) VALUES (168, 'f545a44d-e425-4bb4-916c-c57997a832d3.3.jpg', 34);
INSERT INTO public.image (id, file_name, product_id) VALUES (169, 'f3a743c5-f873-47f0-a87f-f3a06866591a.4.jpg', 34);
INSERT INTO public.image (id, file_name, product_id) VALUES (170, '0f909e30-720f-4094-bad1-7b7f38fbce51.5.jpg', 34);
INSERT INTO public.image (id, file_name, product_id) VALUES (171, 'ffce77bc-9ada-4245-82fa-7623601d259a.1.jpg', 35);
INSERT INTO public.image (id, file_name, product_id) VALUES (172, '1dd42034-5725-4422-8135-f2ed73eca056.2.jpg', 35);
INSERT INTO public.image (id, file_name, product_id) VALUES (173, '12cc2d68-2146-4f7f-b170-0dd0b21a0b1a.3.jpg', 35);
INSERT INTO public.image (id, file_name, product_id) VALUES (174, 'd35859bb-421d-47f1-a189-d4ef5cf67a40.4.jpg', 35);
INSERT INTO public.image (id, file_name, product_id) VALUES (175, '9b31e596-3dbf-45be-bb58-d0f4947f3471.5.jpg', 35);
INSERT INTO public.image (id, file_name, product_id) VALUES (176, '43dcf306-e77d-4397-87fb-377ea9670ede.1.jpg', 36);
INSERT INTO public.image (id, file_name, product_id) VALUES (177, 'dddeb654-a4be-4a1a-ac4f-9a50092061f9.2.jpg', 36);
INSERT INTO public.image (id, file_name, product_id) VALUES (178, 'fd9903bf-3640-491b-b71c-38a9cf8bbc57.3.jpg', 36);
INSERT INTO public.image (id, file_name, product_id) VALUES (179, 'cbccd38c-4e9c-427a-8515-248c2247106a.4.jpg', 36);
INSERT INTO public.image (id, file_name, product_id) VALUES (180, 'a3016fe3-ad37-41f6-9d88-4695971d0f0c.5.jpg', 36);
INSERT INTO public.image (id, file_name, product_id) VALUES (181, '8f5b0056-f130-44df-b88e-bbd2b035ab91.1.jpg', 37);
INSERT INTO public.image (id, file_name, product_id) VALUES (182, '9b5a10e9-160a-4f5b-b44f-fecd58ab38d6.2.jpg', 37);
INSERT INTO public.image (id, file_name, product_id) VALUES (183, 'e0e00610-9655-494b-aa98-2478c088b235.3.jpg', 37);
INSERT INTO public.image (id, file_name, product_id) VALUES (184, 'ca967ade-f84c-489c-a8a6-b26b4ea862a1.4.jpg', 37);
INSERT INTO public.image (id, file_name, product_id) VALUES (185, '91431a7e-8d6f-4e0d-996b-e38909581522.5.jpg', 37);
INSERT INTO public.image (id, file_name, product_id) VALUES (186, '1a1e68e1-3f80-431f-b133-91bf3c97081b.1.jpg', 38);
INSERT INTO public.image (id, file_name, product_id) VALUES (187, 'e4ff5b00-4d12-45c9-8077-651a17790160.2.jpg', 38);
INSERT INTO public.image (id, file_name, product_id) VALUES (188, '91e525f6-7fa7-432b-99c1-f1279b5862a9.3.jpg', 38);
INSERT INTO public.image (id, file_name, product_id) VALUES (189, 'cb36462c-37d6-451e-9934-6cd4d8410a2e.4.jpg', 38);
INSERT INTO public.image (id, file_name, product_id) VALUES (190, 'dcc9e84c-561b-43cd-859d-cda63da7eb2d.5.jpg', 38);
INSERT INTO public.image (id, file_name, product_id) VALUES (191, '45c9bad3-e561-43db-9a5e-8de580e3c5d1.1.jpg', 39);
INSERT INTO public.image (id, file_name, product_id) VALUES (192, 'ec23dc16-cee8-414b-afa8-9447dfa8165c.2.jpg', 39);
INSERT INTO public.image (id, file_name, product_id) VALUES (193, 'cc9819a4-e602-4fb3-a803-2195bdef22dd.3.jpg', 39);
INSERT INTO public.image (id, file_name, product_id) VALUES (194, '9a58617d-675b-4ece-81a4-83cce67d27d5.4.jpg', 39);
INSERT INTO public.image (id, file_name, product_id) VALUES (195, 'e808e613-9cd8-4518-bb25-963d1e577215.5.jpg', 39);


--
-- TOC entry 3354 (class 0 OID 16719)
-- Dependencies: 214
-- Data for Name: orders; Type: TABLE DATA; Schema: public; Owner: postgres
--

INSERT INTO public.orders (id, count, date_time, number, price, status, person_id, product_id) VALUES (14, 1, '2022-12-10 16:54:28.004155', '0592f795-7450-49dc-a6b1-b8cf6b48a293', 7499, 1, 2, 26);
INSERT INTO public.orders (id, count, date_time, number, price, status, person_id, product_id) VALUES (15, 1, '2022-12-10 16:54:28.026271', '0592f795-7450-49dc-a6b1-b8cf6b48a293', 3516, 1, 2, 28);
INSERT INTO public.orders (id, count, date_time, number, price, status, person_id, product_id) VALUES (16, 1, '2022-12-10 16:55:07.19194', 'aac62c00-e992-476d-a430-5a07d8f58d3e', 2349, 1, 8, 37);
INSERT INTO public.orders (id, count, date_time, number, price, status, person_id, product_id) VALUES (17, 1, '2022-12-10 16:55:07.197919', 'aac62c00-e992-476d-a430-5a07d8f58d3e', 16129, 1, 8, 34);
INSERT INTO public.orders (id, count, date_time, number, price, status, person_id, product_id) VALUES (18, 1, '2022-12-10 16:55:07.200908', 'aac62c00-e992-476d-a430-5a07d8f58d3e', 57599, 1, 8, 32);
INSERT INTO public.orders (id, count, date_time, number, price, status, person_id, product_id) VALUES (19, 1, '2022-12-10 18:13:58.781821', 'a8638634-45a0-4f8e-9dba-a2afb0f07733', 7499, 1, 2, 26);
INSERT INTO public.orders (id, count, date_time, number, price, status, person_id, product_id) VALUES (20, 1, '2022-12-10 18:13:58.791942', 'a8638634-45a0-4f8e-9dba-a2afb0f07733', 3516, 1, 2, 28);


--
-- TOC entry 3356 (class 0 OID 16725)
-- Dependencies: 216
-- Data for Name: person; Type: TABLE DATA; Schema: public; Owner: postgres
--

INSERT INTO public.person (id, login, password, role) VALUES (1, 'Admin', '$2a$10$Tf9zKsbJrRv29jzz9of1G.WcaB.T/E8aQSBnjrnIfY/YqfPYs.OF6', 'ROLE_ADMIN');
INSERT INTO public.person (id, login, password, role) VALUES (2, 'user1', '$2a$10$ynsAsr8zGVetKMNp310IbeGxiieIqfGo2zfjWHq2oPDv2tby/zA1K', 'ROLE_USER');
INSERT INTO public.person (id, login, password, role) VALUES (8, 'user3', '$2a$10$lGTlH712vOTpHf9V4DAxbOuEiRVir5MTO8qQ/urqGwmdEgRbnW3Fq', 'ROLE_USER');


--
-- TOC entry 3358 (class 0 OID 16733)
-- Dependencies: 218
-- Data for Name: product; Type: TABLE DATA; Schema: public; Owner: postgres
--

INSERT INTO public.product (id, date_time_of_created, description, price, seller, title, warehouse, category_id) VALUES (24, '2022-12-10 11:25:49.480955', 'Интерактивная кошка Мими Animagic – мяукает, виляет хвостиком, и даже может отправиться с вами на прогулку, как настоящий питомец. Наслаждайтесь временем в компании милого друга!
•	Сделана в виде белоснежной кошечки, из приятного мягкого плюша.
•	Ходит, перебирая лапками.
•	Виляет хвостиком.
•	Звуковой эффект - мяукает.
ВНИМАНИЕ! Для работы требуются 4 батарейки АА
', 1999, 'Детский мир', 'Игрушка мягкая ANIMAGIC Кошка', 'Москва', 3);
INSERT INTO public.product (id, date_time_of_created, description, price, seller, title, warehouse, category_id) VALUES (26, '2022-12-10 11:55:25.664568', 'Дом для кукол Demi Star – просторный и уютный. С ним жизнь игрушек будет похожа на настоящую. Тем интереснее!
•	Домик выполнен из древесины.
•	На трех этажах можно оборудовать различные комнаты для кукол.
•	В набор уже входит мебель, которая позволит вам обставить домик.
•	Размер домика: 82х31х115 см.
•	Расстояние между этажами: 1 этаж-33см, 2 этаж-33см, 3 этаж-43,2см.
В наборе
•	Кровать
•	Зеркало
•	Диван одноместный
•	Диван двухместный
•	Унитаз
•	Ванна
•	Стол
•	Стул
•	Сборная лесенка из двух частей
', 7499, 'RichFameli', 'Дом для кукол Demi Star с аксессуарами 10 шт. ', 'Хабаровск', 3);
INSERT INTO public.product (id, date_time_of_created, description, price, seller, title, warehouse, category_id) VALUES (27, '2022-12-10 12:03:59.300739', 'Зимний комплект для мальчика Futurino из двух предметов: куртки неонового жёлтого цвета и серых брюк на бретелях.

Куртка:
Утеплитель: полиэстер 220г
Капюшон и основная часть изделия с трикотажной подкладкой из полиэстера
Рукава с гладкой подкладкой
Застёжка на молнию с ветрозащитной планкой
Боковые карманы
Светоотражающие элементы

Брюки:
Утеплитель: полиэстер 180г
Гладкая подкладка
Застёжка на пуговицу и молнию
Эластичный пояс
Регулируемые съёмные бретели
Светоотражающие элементы
Внутренние манжеты

Сезон: зима

Обращаем Ваше внимание, что правильное определение размера детской одежды напрямую зависит от индивидуальных особенностей ребёнка.

Рост модели - 116 см

На модели размер 116', 1529, 'Детский мир', 'Комплект Futurino', 'Рязань', 2);
INSERT INTO public.product (id, date_time_of_created, description, price, seller, title, warehouse, category_id) VALUES (28, '2022-12-10 12:14:36.381061', 'Зимний комплект: куртка и полукомбинезон из мембраны с тефлоновым покрытием. Комплект оснащён светоотражающими элементами, которые обеспечивают безопасность ребёнка в тёмное время суток. Ткань верха куртки в сочетании с современным утеплителем из микроволокна сохраняет тепло, создавая комфортную среду для ребёнка, как на прогулке, так и в помещении. Куртка застёгивается на молнию и планку с липучками. Съёмный капюшон на кнопках безопасен при эксплуатации. Опушка капюшона из натурального меха (енот финский) съёмная, на кнопках. По низу куртки с внутренней стороны кулиса для регулирования объёма. Полукомбинезон изготовлен из однотонной мембраны. Застёжка на молнию. Верх полукомбинезона регулируется эластичными бретелями. По низу брючин снегозащитная муфта. Швы в полукомбинезоне проклеены. Температурный режим от 0 до -30.', 3516, 'ООО "ДЖАММИКС СТИЛЬ"', 'Комплект STELLAS KIDS', 'Москва', 2);
INSERT INTO public.product (id, date_time_of_created, description, price, seller, title, warehouse, category_id) VALUES (29, '2022-12-10 12:33:13.362163', 'Карнавал, детский праздник, или фотосессия – костюм Enchatimals «Лорна Барашка» позволит превратиться в любимую героиню и почувствовать себя сказочной красавицей.
•	Костюм копирует наряд персонажа Enchatimals - Барашки Лорны.
•	Платье застегивается на пуговицу на спинке.
•	Ободок с ушками и кудряшками завершит образ.

Характеристики
•	Рост: 116-128 см
•	Размер: 30-32
•	Материал: платье - 100% полиэстер, ободок - войлок+полиэстер+полипропилен', 779, 'КИТАЙ', 'Костюм Enchantimals Лорна Барашка', 'Москва', 2);
INSERT INTO public.product (id, date_time_of_created, description, price, seller, title, warehouse, category_id) VALUES (31, '2022-12-10 12:54:53.562789', 'Комод Sweet Baby Venerdi — это не только полезный предмет мебели, но и прекрасное украшение вашего интерьера! Для производства комода используются только экологически чистые материалы — безвредные для малыша. Корпус и фасады ящиков выполнены из ламинированной древесно-стружечной плиты, соответствующей стандартам безопасности. Кромка изделия создана из влагостойкого АБС-пластика, который, не смотря на свою эластичность, имеет повышенную ударопрочность. Благодаря этому, мебель надолго сохранит свой внешний вид и идеальные углы. Мягкость материала снижает вероятность травмирования малыша. Пеленальный столик закреплен на подвижном откидном механизме высокой прочности, поэтому безопасность ребенка на нем во время пеленания, переодевания либо массажа гарантирована. Также для детской защиты боковые бортики выполнены с закругленными углами.
•	Оригинальные ручки на ящиках не расшатываются и придают изделию изящности.
•	Ударопрочная кромка.
•	Закругленные углы.
•	4 больших ящика на роликовых направляющих.
•	4 вращающихся колеса.
В комплекте:
•	Комод
•	Инструкция по сборке
Характеристики:
•	Материалы: ЛДСП/ДВП.
•	Размеры пеленального стола: 728x735 мм.
•	Размеры комода: 108x80x48см.
•	Вес: 41 кг.
•	Гарантия: 6 месяцев.', 8899, 'Россия', 'Комод Sweet Baby Venerdi Avorio Слон Слоновая кость', 'Геленджик', 1);
INSERT INTO public.product (id, date_time_of_created, description, price, seller, title, warehouse, category_id) VALUES (32, '2022-12-10 13:09:21.766441', 'Детская кровать Affetto Swing от бренда Nuovita — это роскошная классическая кроватка из массива бука, разработанная итальянскими дизайнерами. Элегантные линии модели дополняются продуманной функциональностью, что дает возможность пользоваться изделием на протяжении длительного времени.
Кроватка Нуовита Афетто Свинг может использоваться для малыша с первых дней жизни. Она снабжена удобным продольным маятником, который работает совершенно бесшумно. Размер спального места составляет 120x60см, что позволяет пользоваться стандартным матрасиком.
Предусмотрен 1 уровень высоты ложа, боковая стенка может опускаться, облегчая доступ к ребенку. На перекладине находится силиконовая накладка. Изолированный бельевой ящик, легко скользящий на роликовых направляющих, сконструирован таким образом, что почти не привлекает внимания.
Легкое перемещение кроватки обеспечивается наличием 4-х прорезиненных колесиков. За фиксацию на месте отвечают стопоры, присутствующие на каждом из колес. Кроватка изготовлена из массива бука, отделочные элементы выполнены из МДФ, в конструкции ящика для белья используется ЛДСП. Качество всех материалов, покрытия и фурнитуры соответствует европейским стандартам.
 После того, как ребенок подрос, родители могут превратить кроватку в уютный диванчик — для этого достаточно убрать съемную боковую стенку. Особую привлекательность диванчику придаст мягкая спинка с изогнутой линией верха и эффектной отделкой.
Кроватка Nuovita Affetto Swing предлагается в различных расцветках и станет эффектным элементом интерьера детской.
Технические характеристики:
•	Спальное место: 120х60 см
•	Число уровней высоты днища: 1
•	Опускающаяся стенка
•	Съемная передняя стенка
•	Силиконовые накладки
•	Ортопедическое реечное дно
•	Количество ящиков: 1
•	Тип кроватки: маятник продольный
•	4 колеса со стопорами
•	Вес нетто: 45 кг
•	Срок гарантии: 1 год.
Габариты изделия:
•	длина: 1095 мм
•	ширина: 680 мм
•	высота: 1325 мм
Материалы: Бук, МДФ, ЛДСП', 57599, 'Детский Мир', 'Кровать Nuovita Affetto Swing с продольным маятником Avorio/Слоновая кость', 'Коледино', 1);
INSERT INTO public.product (id, date_time_of_created, description, price, seller, title, warehouse, category_id) VALUES (33, '2022-12-10 13:16:59.27965', 'Диванчик Paremo Наша Принцесса — яркий раскладной диванчик для детей станет любимым местом отдыха малыша. Диван бескаркасный, мягкий и эргономичный, очень легко раскладывается, что делает его максимально удобным для ребенка.
ВНИМАНИЕ! Нюансы цветопередачи полностью зависят от настроек Вашего персонального компьютера. Цвет также может незначительно изменяться в зависимости от партии поставки (такое изменение не является производственным браком).
•	Сидение мягкое и эргономичное, принимает нужную форму под весом ребенка
•	Рекомендуется деликатная стирка при температуре не больше 30 градусов
Характеристики:
•	Для детей от 1 года до 5 лет
•	Размер кресла: 86×38×47 см
•	Размеры сидения: 65×36/68 см
•	Высота от пола до сидения: 21 см
•	Материал: велюр + текстиль (чехол), пенополиуретан (наполнитель)', 7499, 'ИП Кудряшов А.А.', 'Диванчик PAREMO Наша Принцесса', 'Новосибирск', 1);
INSERT INTO public.product (id, date_time_of_created, description, price, seller, title, warehouse, category_id) VALUES (34, '2022-12-10 13:27:26.199313', 'Коляска 2в1 Olsson i Style – практичная модель, которая растет вместе с малышом. Эргономичная регулировка и лаконичный современный дизайн сделают прогулки еще приятнее.
•	Люлька с регулируемым капором.
•	В капюшоне – ручка для переноски.
•	Спинка прогулочного блока регулируется в 3 положениях.
•	Регулировка подножки.
•	5-точечные ремни безопасности с регулировкой длины.
•	Капор со смотровым окошком.
•	Высота ручки регулируется.
•	Поворотные передние колеса с фиксацией.
•	Удобный стояночный тормоз.
•	Хорошая амортизация.
•	Прогулочный блок устанавливается лицом к маме и обратно.
•	Багажная корзина для покупок рассчитана на 3 кг.
•	Коляска складывается вместе с установленным прогулочным блоком. Устойчива в сложенном виде.
Характеристики
•	Для детей с рождения до достижения веса 9 кг (люлька) и 22 кг (прогулочный блок)
•	Рама: алюминий
•	Механизм складывания: книжка
•	Ремни безопасности: 5-точечные
•	Количество колес: 4
•	Материал (тип) колес: EVA
•	Диаметр колес: 25 см
•	Ширина передней колесной базы: 17 см
•	Ширина задней колесной базы: 60 см
•	Ширина сиденья: 32 см
•	Глубина сиденья: 25 см
•	Высота спинки: 48 см
•	Длина люльки: 80 см
•	Ширина люльки: 36 см
•	Глубина люльки: 20 см
•	Вес: рама – 8 кг, сиденье – 4,5 кг, люлька – 4,2 кг
•	Вес коляски: 12,7 кг
•	Габариты в сложенном виде (размеры рамы, сложенной вместе с прогулочным блоком): 59х35х68,5 см', 16129, 'Я Большой', 'Коляска 2в1 Olsson iStyle Green', 'Москва', 4);
INSERT INTO public.product (id, date_time_of_created, description, price, seller, title, warehouse, category_id) VALUES (35, '2022-12-10 13:37:38.516017', 'Легко сочетать с грудным вскармливанием
•	Бутылочка серии Natural с физиологичной соской позволяет легко совмещать кормление из бутылочки с грудным вскармливанием.¹
Легко сочетать кормление грудью и кормление из бутылочки
•	Естественный захват благодаря широкой соске, повторяющей форму груди
•	Естественное положение соски во рту благодаря ультрамягкому материалу
Гибкая и упругая соска для ее естественного положения во рту
•	Спиралевидные ребра жесткости обеспечивают упругость (растягивание соски вверх-вниз) и предотвращают слипание соски. Лепестки в основании соски обеспечивают ее гибкость (растягивание соски в стороны)
Предотвращает попадание воздуха в живот малыша
•	Антиколиковый клапан предотвращает образование вакуума в бутылочке, обеспечивая непрерывное кормление
Другие преимущества
В линейке Philips Avent Natural есть соски различной мягкости и скорости потока, которые подойдут для разных этапов развития вашего малыша.
•	Эргономичная форма бутылочки
•	Простота в использовании и очистке, быстрая и удобная сборка
•	Совместимость с изделиями Philips Avent серии Natural и чашками
•	Бутылочка не содержит бисфенол-А²
Характеристики
Материал:
•	Бутылочка: полипропилен, Не содержит бисфенол-А²
•	Соска: Не содержит бисфенол-А², силикон
•	В комплект входят: Детская бутылочка,260 мл, 1 шт.; соска с медленным потоком
•	Этапы взросления:0–12 месяцев
¹83,3% детей, которых докармливали из бутылочки Philips Avent серии Natural, с легкостью переходят от кормления из бутылочки к кормлению грудь и обратно. Источник: О.Л. Лукоянова, Т.Э Боровик, И.А. Беляева, Г.В. Яцык; Научный центр здоровья детей РАМН, Москва, Российская Федерация; Первый Московский государственный медицинский университет им. И.М. Сеченова, Российская Федерация "Применение современных технологических приемов для сохранения успешного грудного вскармливания", 02.10.2012 г.
²Не содержит бисфенола-А, что соответствует требованиям Регламента ЕС 10/2011
«Бренд №1повыбору педиатров» порезультатам исследования “MEDI-Q-2018” компании ООО “Ипсос Комкон” вкатегориях молокоотсосов иприспособлений для кормления.
«Любимый бренд российских мам» порезультатам исследования “Baby Index −2018” компании ООО “Ипсос Комкон” вкатегориях молокоотсосов иприспособлений для кормления.
', 969, 'Нидерланды', 'Бутылочка Philips Avent Natural2 260мл с 1месяца', 'Москва', 4);
INSERT INTO public.product (id, date_time_of_created, description, price, seller, title, warehouse, category_id) VALUES (36, '2022-12-10 13:46:29.357507', 'Благодаря более чем 150-летнему опыту компания Nestlé неустанно остается научным лидером в области питания детей раннего возраста. Результаты передовых исследований Nestlé в области сохранения здоровья ребенка на протяжении всей жизни, положенные в основу создания продуктов, сделали молочко NAN вашим надежным союзником в вопросах питания вашего малыша.
Второй год жизни - прекрасное время, когда ваш ребенок исследует мир вокург себя и постигает новые возможности. В этот период необходимо давать ребенку соответсвующее питание, которое поможет заложить крепкую основу его здоровья сейчас и в будущем.
NAN 3 OPTIPRO - специально разработанное детское молочко для питания детей от 1 года до 1,5 лет, созданное на основе данных, полученных благодаря исследованям Nestle в области обеспечения здоровья детей на протяжении всей жизни.
Молочко содержит уникальную комбинацию ингредиентов: OPTIPRO, 2’FL и BL Probiotic, которые поддержат здоровое развитие вашего ребенка, помогая вам заложить крепкую основу для будущего здоровья Вашего ребенка.
•	OPTIPRO - оптимизированный белковый комплекс, обеспечивающий ребенка правильным количеством белка, которое требуется ему для оптимальтного роста.
•	Олигосахарид 2''FL, олигосахарид структурно идентичный наиболее распространенному виду олигосахаридов грудного молока. Олигосахариды 2''FL помогают поддерживать иммунитет.
•	BL PROBIOTIC: натуральный пробиотик, который помогает поддерживать здоровую иммунную систему малыша.
•	Обновленный состав с олигосахаридами: Обезжиренное молоко, молочная сыворотка деминерализованная, мальтодекстрин, растительные масла (низкоэруковое рапсовое, подсолнечное, подсолнечное высоколеиновое, кокосовое), молочный жир, лактоза, кальция цитрат, эмульгатор (соевый лецитин), калия цитрат, витаминно-минеральный премикс (L-аскорбат натрия (С), DL-альфа-токоферол ацетат (Е), кальция D- пантотенат (В5), никотинамид (РР), D-тиамина мононитрат (В1), ретинола ацетат (А), пиридоксина гидрохлорид (В6), йодид калия, фолиевая кислота (В9), рибофлавин (В2), филлохинон (К), D-биотин (В7), селенат натрия, D3 холекальциферол (Д), цианкобаламин (В12), минералы (железа(|) сульфат, сульфат цинка, сульфат меди), калия фосфат, рыбий жир, олигосахариды 2''FL, цитрат натрия, культура бифидобактерий лактис (не менее 1x10^6 КОЕ/г), регулятор кислотности (гидроксид калия).
•	Состав в старом дизайне упаковки: Обезжиренное молоко, мальтодекстрин, лактоза, белок молочной сыворотки, молочный жир, растительные масла (низкоэруковое рапсовое масло, подсолнечное масло, подсолнечное высокоолеиновое масло, кокосовое), цитрат кальция, соевый лецитин, рыбий жир, витамины (ретинола ацетат (А), D3 холикальциферол (Д), DL – альфа-токоферола ацетат (Е), фитоменадион (К), L-аскорбат натрия (С), тиамина мононитрат (В1), рибофлавин (В2), никотинамид (РР), пиридоксин гидрофлорид (В6), фолиевая кислота (B9), кальция D-пантотенат (B5), цианкобаламин (В12), D-биотин (В7), фосфат калия, цитрат калия, сульфат железа (II), цитрат натрия, культура лактобактерий (не менее 10^6 КОЕ/г), сульфат цинка, культура бифидобактерий (не менее 10^6 КОЕ/г), сульфат меди, йодид калия, селенат натрия. 
Дата изготовления (MAN), годен до (EXP) и номер партии указаны на дне банки.
До и после вскрытия продукт хранить при температуре не выше 25 °С и относительной влажности воздуха не более 75 %. Содержимое банки должно быть использовано в течение 3 недель после вскрытия, не рекомендуется хранить в холодильнике
ВАЖНОЕ ПРИМЕЧАНИЕ:
Мы считаем, что грудное вскармливание является идеальным началом питания для младенцев, и полностью поддерживаем рекомендацию Всемирной организации здравоохранения об исключительно грудном вскармливании в течение первых шести месяцев жизни с последующим введением адекватного питательного прикорма вместе с продолжением грудного вскармливания до двухлетнего возраста.
NAN 3 не является заменителем грудного молока. Мы рекомендуем вам поговорить со специалистом о том, как кормить ребенка, и получить совет о том, когда вводить этот продукт.
ПРЕДУПРЕЖДЕНИЕ:
•	Смесь следует готовить непосредственно перед кормлением. Точно следуйте инструкции по приготовлению. Оставшаяся после кормления разведенная смесь не подлежит хранению и последующему использованию. Во время кормления необходимо поддерживать ребенка, чтобы он не поперхнулся. Когда ребенок подрастет, переходите на кормление из чашки.
•	Использование некипяченной воды и непрокипяченных бутылочек, а также неправильное хранение, транспортировка, приготовление и кормление могут привести к неблагоприятным последствиям для здоровья ребенка.
Продукт изготовлен из сырья, произведенного специально отобранными поставщиками, без использования генетически модифицированных ингредиентов, консервантов, красителей и ароматизаторов.
Рекомендованные в таблице объемы потребляемой смеси и частота кормлений могут варьироваться в зависимости от индивидуальных особенностей ребенка. Обратитесь за советом к медицинскому работнику.
Примечание: для сохранения количества живых бактерий, вскипяченную воду следует остудить примерно до температуры тела (37°C) и затем добавить сухой порошок.
Для приготовления смеси необходимо использовать прилагаемую мерную ложку, заполненную без горки. Разведение неправильного количества порошка - большего или меньшего по сравнению с количеством, указанным в таблице - может привести к обезвоживанию организма ребенка или нарушению его питания. Указанные пропорции нельзя изменять без совета медицинского работника.
В этом возрасте часто рекомендуют постепенно вводить в рацион ребенка каши, овощи, фрукты, мясо и рыбу. Ввиду индивидуальных различий в потребностях детей обратитесь за советом к медицинскому работнику. Если вашим врачом рекомендовано более раннее введение новых продуктов, уменьшите количество смеси в соответствии с рекомендациями.
1Storm HM et al., Glob Pediatr Health. 2019;6.
2Azagra-Boronat I et al., Front Immunol. 2018;8:372.
3van den Elsen LWJ et al., Benef Microbes. 2019;10:279-291.
ВНИМАНИЕ! Товар представлен в старом и новом дизайнах упаковок, вариант в поставке не гарантирован! Крышка упаковки варьируется и может быть бирюзового или золотого цвета. Цвет крышки на состав питания не влияет.', 1025, 'Швейцария', 'Молочко NAN 3 800 г с 12 месяцев', 'Калининград', 4);
INSERT INTO public.product (id, date_time_of_created, description, price, seller, title, warehouse, category_id) VALUES (37, '2022-12-10 14:06:46.116789', 'Давно мечтаешь стать феей бабочек? Рюкзачок от Like Nastya и  LUKKY с голографическими крылышками поможет тебе приблизиться к своей мечте. Так же, как и Настя, ты можешь позвать своих подруг составить тебе компанию и сделать нежный макияж, не выходя из дома. В рюкзачок вмещается все самое необходимое для создания волшебного макияжа: большая палетка с малиновой помадой для губ, розовый и фиолетовый бальзамы для губ, два оттенка румян и теней, лак для ногтей со свойством peel-off, накладные ноготки на клеевой основе и миниатюрные стикеры для дизайна ногтей. Воспользуйся аппликатором, который входит в комплект в палетке-бабочке, для нанесения косметики на лицо.
После создания макияжа ты сможешь использовать рюкзачок для хранения личных вещей или брать его с собой в  путешествия. Теперь ты настоящая волшебная феечка, которая сможет самостоятельно сделать блистательный макияж!
Особенности:
•	В набор входит:  рюкзак – 1 шт., детский лак для ногтей марки «Lukky» - 1 шт. (цвет: пастельно-розовый), накладные ногти – 12 шт., стикеры для ногтей – 40 шт., палетка (входит: помада для губ с блестками детская марки «Lukky», цвет: малиновый – 1 шт.), бальзам с блёстками для губ детский марки «Lukky» - 2 шт. (цвет-аромат: розовая нежность с ароматом персика, фиолетовый восторг с ароматом винограда), румяна для лица для детей марки «Lukky» - 2 шт. (цвета: ярко-розовый, нежно-розовый), тени для век компактные (пудровые) для детей марки «Lukky» - 2 шт. (цвета: голубой, салатовый).
•	Удобный рюкзачок с ручками, который можно использовать для хранения личных вещей, косметики и игрушек
•	Большая палетка с разными косметическими декоративными средствами и аппликатором
•	Лак для ногтей с ароматом клубники и свойством peel-off
•	Благодаря косметическому набору, у девочки развивается вкус, чувство стиля, воображение и  проявляются творческие способности
Способ применения стикеров для ногтей: Выберите стикер, соответствующий Вашему ногтю по размеру. Расположите стикер на ногте. Прижмите стикер к ногтю и аккуратно проведите по всей поверхности, чтобы стикер хорошо приклеился. Подпилите ноготь, если он выходит за пределы стикера. Чтобы удалить стикер с ногтя, подцепите кончик стикера и снимите его как плёнку.
Способ применения лака: убедитесь, что ногти чистые и на них нет следов косметики. Нанесите лак на каждый ноготь. Для лучшего результата дождитесь, пока лак высохнет, и покройте ногти вторым слоем. Можно покрыть сверху закрепляющим лаком. Для удаления – поместите руки в теплую воду на несколько минут, затем аккуратно потяните за край лака-пленки и удалите таким образом покрытие.
Внимание! Старайтесь не погружать руки надолго в воду в течение 5 часов после нанесения лака.
•	Способ применения накладных ногтей: удалите с ногтей лак и грязь, подпилите искусственные ногти если это необходимо, расположите накладной ноготь на чистом ногте и прижмите, подержите 10 секунд.
•	Способ удаления накладных ногтей: не давите и не тяните на искусственные ногти, подержите ногти в теплой воде в течении 10 минут, аккуратно отделите накладные ногти от натуральных.
•	Способ применения теней: нанесите тени на верхнее веко с помощью аппликатора (входит в комплект). Для удаления смойте водой.
•	Способ применения помады для губ:  нанесите помаду на губы. Помада снимается с помощью салфетки.
•	Способ применения бальзама для губ: наносить тонким слоем на кожу губ с помощью пальцев или кисти (не входит в комплект) по мере необходимости.
•	Способ применения румян для лица:  наносятся с помощью кисточки (не входит в комплект), аппликатора (входит в комплект) или с помощью пальцев. Для удаления смойте теплой водой с мылом
Состав лака для ногтей: AQUA, ACRYLATES COPOLYMER (STYRENE, ACRYLATES COPOLYMER, POLYURETHANE), PROPYLENE GLYCOL, POLYETHYLENE, NYLON-6, PHENOXYETHANOL, CAPRYLYL GLYCOL, CI 77891, CI 45410, CI 77007.
Состав помады для губ: MINERAL OIL, CERESIN, ETHYLHEXYL PALMITATE, BEESWAX, MICROCRYSTALINE WAX (CERA MICROCRISTALLINA), POLYETHYLENE TEREPHTHALATE, PHENOXYETHANOL, FRAGRANCE, CI 77891, CI 45410.    
Состав бальзама для губ: MINERAL OIL, CERESIN, ETHYLHEXYL PALMITATE, BEESWAX, MICROCRYSTALLINE WAX (CERA MICROCRISTALLINA), SILICA, AMORPHOUS, POLYETHYLENE TEREPHTHALATE, PHENOXYETHANOL, FRAGRANCE, может содержать: CI 15850:1, CI 77891, CI 45410, CI 42090.
Состав румяна: MICA, DIMETHICONE, MAGNESIUM STEARATE, PHENOXYETHANOL, может содержать: CI 77891, CI 15850, CI 45410:2, CI 75470.
Состав теней для век: MICA, DIMETHICONE, TALC, POLYETHYLENE, MAGNESIUM STEARATE, PHENOXYETHANOL, может содержать: CI 77891, CI 21090, CI 19140, CI 42090, CI 77861.
•	Материал стикеров для ногтей: бумага.
•	Материал накладных ногтей: АБС-пластик.
•	Состав липкого слоя: Water, Polyacrylic Acid.
•	Материал аппликатора: нейлон, пластик.
•	Для детей от 4 лет', 2349, 'RichFameli', 'Набор для макияжа и маникюра Lukky(LUCKY) Like Nastya', 'Чита', 4);
INSERT INTO public.product (id, date_time_of_created, description, price, seller, title, warehouse, category_id) VALUES (38, '2022-12-10 14:46:08.183594', 'Любопытная пандочка Плам от furReal - лучший компаньон для малыша от 4-х лет, которого они могут взять с собой, отправляясь навстречу приключениям, и крепко обнять в конце дня. Любопытная пушистая зверюшка обожает, когда ее берут на ручки и обнимают, и прижимается к вам в ответ! Еще Плам любит играть в прятки и даже иногда танцевать! Очаровательная питомица с аппетитом ест из своей бамбуковой бутылочки, а когда вы с ней разговариваете - с удовольствием общается, бормоча ответы на ваши реплики. В ночном режиме панда закрывает глазки, издает приятные сонные звуки и проигрывает одну из 5-минутных успокаивающих мелодий. Сладких снов, малышка!
В комплекте
•	1 питомец, 2 аксессуара, инструкция
Характеристики продукта
•	Восхитительно любопытная и эмоциональная маленькая панда обожает играть с вами днем, а ночью издает убаюкивающие звуки и проигрывает тихую музыку
•	Панда Плам может двигать головой, глазами, ушами, носом, ртом и руками, и издавать множество забавных звуков
•	Посмотрите на ее очаровательную мордочку!
•	Покормите малышку из бутылочки, и вы услышите, как она ест
•	Очаровательный игривый питомец станет прекрасным подарком для маленького любителя животных от 4-х лет и старше
Подробнее
•	Для детей от 4-х лет
•	Могут образоваться мелкие детали. Не для детей до 3-х лет
ВНИМАНИЕ! Для работы требуются батарейки: 4 х C
', 5999, 'Детский мир', 'Игрушка FurReal Friends Питомец Панда', 'Москва', 3);
INSERT INTO public.product (id, date_time_of_created, description, price, seller, title, warehouse, category_id) VALUES (39, '2022-12-10 15:01:57.94876', 'Спортивный костюм для девочек футер с начесом выполнен из мягкого и очень приятного к телу плотного хлопкового трикотажа футер 3х нитка. Благодаря конструкции детский костюм, обеспечиваетс закрытие поясницы и свободу движений. Костюм для девочек и мальчиков для прогулок и занятия спортом. Сезон Костюма футер 3-х нитка Осень-Зима.Костюм для детей и подростков очень популярная модель этого года. Костюм отлично подходит как подарок на новый год. Костюм для девочки стирать в деликатном режиме при 30 градусах
Артикул	d2752
Код товара	2297543001sup
Страна-производитель	Россия
Цвет	серый
Продавец	Индивидуальный предприниматель Васин Геннадий Николаевич
', 2349, 'Индивидуальный предприниматель Васин Геннадий Николаевич', 'Костюм VGtrikotazh', 'Москва', 2);


--
-- TOC entry 3360 (class 0 OID 16742)
-- Dependencies: 220
-- Data for Name: product_cart; Type: TABLE DATA; Schema: public; Owner: postgres
--

INSERT INTO public.product_cart (id, person_id, product_id) VALUES (39, 2, 32);


--
-- TOC entry 3366 (class 0 OID 0)
-- Dependencies: 209
-- Name: category_id_seq; Type: SEQUENCE SET; Schema: public; Owner: postgres
--

SELECT pg_catalog.setval('public.category_id_seq', 7, true);


--
-- TOC entry 3367 (class 0 OID 0)
-- Dependencies: 211
-- Name: image_id_seq; Type: SEQUENCE SET; Schema: public; Owner: postgres
--

SELECT pg_catalog.setval('public.image_id_seq', 195, true);


--
-- TOC entry 3368 (class 0 OID 0)
-- Dependencies: 213
-- Name: orders_id_seq; Type: SEQUENCE SET; Schema: public; Owner: postgres
--

SELECT pg_catalog.setval('public.orders_id_seq', 20, true);


--
-- TOC entry 3369 (class 0 OID 0)
-- Dependencies: 215
-- Name: person_id_seq; Type: SEQUENCE SET; Schema: public; Owner: postgres
--

SELECT pg_catalog.setval('public.person_id_seq', 8, true);


--
-- TOC entry 3370 (class 0 OID 0)
-- Dependencies: 219
-- Name: product_cart_id_seq; Type: SEQUENCE SET; Schema: public; Owner: postgres
--

SELECT pg_catalog.setval('public.product_cart_id_seq', 39, true);


--
-- TOC entry 3371 (class 0 OID 0)
-- Dependencies: 217
-- Name: product_id_seq; Type: SEQUENCE SET; Schema: public; Owner: postgres
--

SELECT pg_catalog.setval('public.product_id_seq', 39, true);


--
-- TOC entry 3191 (class 2606 OID 16711)
-- Name: category category_pkey; Type: CONSTRAINT; Schema: public; Owner: postgres
--

ALTER TABLE ONLY public.category
    ADD CONSTRAINT category_pkey PRIMARY KEY (id);


--
-- TOC entry 3193 (class 2606 OID 16717)
-- Name: image image_pkey; Type: CONSTRAINT; Schema: public; Owner: postgres
--

ALTER TABLE ONLY public.image
    ADD CONSTRAINT image_pkey PRIMARY KEY (id);


--
-- TOC entry 3195 (class 2606 OID 16723)
-- Name: orders orders_pkey; Type: CONSTRAINT; Schema: public; Owner: postgres
--

ALTER TABLE ONLY public.orders
    ADD CONSTRAINT orders_pkey PRIMARY KEY (id);


--
-- TOC entry 3197 (class 2606 OID 16731)
-- Name: person person_pkey; Type: CONSTRAINT; Schema: public; Owner: postgres
--

ALTER TABLE ONLY public.person
    ADD CONSTRAINT person_pkey PRIMARY KEY (id);


--
-- TOC entry 3203 (class 2606 OID 16746)
-- Name: product_cart product_cart_pkey; Type: CONSTRAINT; Schema: public; Owner: postgres
--

ALTER TABLE ONLY public.product_cart
    ADD CONSTRAINT product_cart_pkey PRIMARY KEY (id);


--
-- TOC entry 3199 (class 2606 OID 16740)
-- Name: product product_pkey; Type: CONSTRAINT; Schema: public; Owner: postgres
--

ALTER TABLE ONLY public.product
    ADD CONSTRAINT product_pkey PRIMARY KEY (id);


--
-- TOC entry 3201 (class 2606 OID 16748)
-- Name: product uk_qka6vxqdy1dprtqnx9trdd47c; Type: CONSTRAINT; Schema: public; Owner: postgres
--

ALTER TABLE ONLY public.product
    ADD CONSTRAINT uk_qka6vxqdy1dprtqnx9trdd47c UNIQUE (title);


--
-- TOC entry 3205 (class 2606 OID 16754)
-- Name: orders fk1b0m4muwx1t377w9if3w6wwqn; Type: FK CONSTRAINT; Schema: public; Owner: postgres
--

ALTER TABLE ONLY public.orders
    ADD CONSTRAINT fk1b0m4muwx1t377w9if3w6wwqn FOREIGN KEY (person_id) REFERENCES public.person(id);


--
-- TOC entry 3207 (class 2606 OID 16764)
-- Name: product fk1mtsbur82frn64de7balymq9s; Type: FK CONSTRAINT; Schema: public; Owner: postgres
--

ALTER TABLE ONLY public.product
    ADD CONSTRAINT fk1mtsbur82frn64de7balymq9s FOREIGN KEY (category_id) REFERENCES public.category(id);


--
-- TOC entry 3206 (class 2606 OID 16759)
-- Name: orders fk787ibr3guwp6xobrpbofnv7le; Type: FK CONSTRAINT; Schema: public; Owner: postgres
--

ALTER TABLE ONLY public.orders
    ADD CONSTRAINT fk787ibr3guwp6xobrpbofnv7le FOREIGN KEY (product_id) REFERENCES public.product(id);


--
-- TOC entry 3204 (class 2606 OID 16749)
-- Name: image fkgpextbyee3uk9u6o2381m7ft1; Type: FK CONSTRAINT; Schema: public; Owner: postgres
--

ALTER TABLE ONLY public.image
    ADD CONSTRAINT fkgpextbyee3uk9u6o2381m7ft1 FOREIGN KEY (product_id) REFERENCES public.product(id);


--
-- TOC entry 3209 (class 2606 OID 16774)
-- Name: product_cart fkhpnrxdy3jhujameyod08ilvvw; Type: FK CONSTRAINT; Schema: public; Owner: postgres
--

ALTER TABLE ONLY public.product_cart
    ADD CONSTRAINT fkhpnrxdy3jhujameyod08ilvvw FOREIGN KEY (product_id) REFERENCES public.product(id);


--
-- TOC entry 3208 (class 2606 OID 16769)
-- Name: product_cart fksgnkc1ko2i1o9yr2p63ysq3rn; Type: FK CONSTRAINT; Schema: public; Owner: postgres
--

ALTER TABLE ONLY public.product_cart
    ADD CONSTRAINT fksgnkc1ko2i1o9yr2p63ysq3rn FOREIGN KEY (person_id) REFERENCES public.person(id);


-- Completed on 2022-12-10 19:04:47

--
-- PostgreSQL database dump complete
--

